<?xml version="1.0"?>
<testResults>
  <FitNesseVersion>v20190508</FitNesseVersion>
  <rootPath>FrontPage.Library.addClient</rootPath>
  <result>
    <counts>
      <right>4</right>
      <wrong>0</wrong>
      <ignores>0</ignores>
      <exceptions>0</exceptions>
    </counts>
    <date>2019-06-12T20:46:39+02:00</date>
    <runTimeInMillis>53</runTimeInMillis>
    <content>&lt;div class="collapsible closed"&gt;&lt;ul&gt;&lt;li&gt;&lt;a href='#' class='expandall'&gt;Expand&lt;/a&gt;&lt;/li&gt;&lt;li&gt;&lt;a href='#' class='collapseall'&gt;Collapse&lt;/a&gt;&lt;/li&gt;&lt;/ul&gt;
	&lt;p class="title"&gt;Included page: &lt;a href="FrontPage.Library.SetUp"&gt;.FrontPage.Library.SetUp&lt;/a&gt; &lt;a href="FrontPage.Library.SetUp?edit&amp;amp;redirectToReferer=true&amp;amp;redirectAction=" class="edit"&gt;(edit)&lt;/a&gt;&lt;/p&gt;
	&lt;div&gt;&lt;table&gt;
	&lt;tr&gt;
		&lt;td&gt;tests_fitnesse_fixture.SetUp&lt;/td&gt;
	&lt;/tr&gt;
&lt;/table&gt;
&lt;/div&gt;
&lt;/div&gt;
&lt;br/&gt;&lt;table&gt;
	&lt;tr&gt;
		&lt;td colspan="5"&gt;tests_fitnesse_fixture.Test_addClient&lt;/td&gt;
	&lt;/tr&gt;
	&lt;tr&gt;
		&lt;td&gt;number&lt;/td&gt;
		&lt;td&gt;datainclients&lt;/td&gt;
		&lt;td&gt;addClient_?&lt;/td&gt;
		&lt;td&gt;data&lt;/td&gt;
		&lt;td&gt;result&lt;/td&gt;
	&lt;/tr&gt;
	&lt;tr&gt;
		&lt;td&gt;0&lt;/td&gt;
		&lt;td&gt;1,1, Tata, Kazika,111333555&lt;/td&gt;
		&lt;td class="pass"&gt;true&lt;/td&gt;
		&lt;td&gt; &lt;span class="fit_grey"&gt;Client{clientID=1, firstName='Tata', lastName='Kazika', phone=111333555}&lt;/span&gt;&lt;/td&gt;
		&lt;td&gt; &lt;span class="fit_grey"&gt;Client{clientID=1, firstName='Tata', lastName='Kazika', phone=111333555}&lt;/span&gt;&lt;/td&gt;
	&lt;/tr&gt;
	&lt;tr&gt;
		&lt;td&gt;1&lt;/td&gt;
		&lt;td&gt;1,2, Reinmar, Bielawa,152364214&lt;/td&gt;
		&lt;td class="pass"&gt;true&lt;/td&gt;
		&lt;td&gt; &lt;span class="fit_grey"&gt;Client{clientID=2, firstName='Reinmar', lastName='Bielawa', phone=152364214}&lt;/span&gt;&lt;/td&gt;
		&lt;td&gt; &lt;span class="fit_grey"&gt;Client{clientID=2, firstName='Reinmar', lastName='Bielawa', phone=152364214}&lt;/span&gt;&lt;/td&gt;
	&lt;/tr&gt;
	&lt;tr&gt;
		&lt;td&gt;1&lt;/td&gt;
		&lt;td&gt;1,2, Reinmar, Bielawa,152364214&lt;/td&gt;
		&lt;td class="pass"&gt;false&lt;/td&gt;
		&lt;td&gt; &lt;span class="fit_grey"&gt;Client{clientID=2, firstName='Reinmar', lastName='Bielawa', phone=152364214}&lt;/span&gt;&lt;/td&gt;
		&lt;td&gt; &lt;span class="fit_grey"&gt;null&lt;/span&gt;&lt;/td&gt;
	&lt;/tr&gt;
	&lt;tr&gt;
		&lt;td&gt;2&lt;/td&gt;
		&lt;td&gt;1,3, Mama, Muminka,111111111&lt;/td&gt;
		&lt;td class="pass"&gt;true&lt;/td&gt;
		&lt;td&gt; &lt;span class="fit_grey"&gt;Client{clientID=3, firstName='Mama', lastName='Muminka', phone=111111111}&lt;/span&gt;&lt;/td&gt;
		&lt;td&gt; &lt;span class="fit_grey"&gt;Client{clientID=3, firstName='Mama', lastName='Muminka', phone=111111111}&lt;/span&gt;&lt;/td&gt;
	&lt;/tr&gt;
&lt;/table&gt;
</content>
    <relativePageName>addClient</relativePageName>
  </result>
  <executionLog>
    <testSystem>fit:fit.FitServer</testSystem>
    <command>java -cp C:\Users\dell\Downloads\IOproj-master\TestsLibrary_FitNesse\fitnesse-standalone.jar;C:\Users\dell\Downloads\IOproj-master\TestsLibrary_FitNesse\build\classes fit.FitServer dell-Komputer 51778 3863</command>
    <exitCode>0</exitCode>
    <stdOut></stdOut>
    <stdErr></stdErr>
  </executionLog>
  <finalCounts>
    <right>1</right>
    <wrong>0</wrong>
    <ignores>0</ignores>
    <exceptions>0</exceptions>
  </finalCounts>
  <totalRunTimeInMillis>695</totalRunTimeInMillis>
</testResults>

