<?xml version="1.0"?>
<testResults>
  <FitNesseVersion>v20190508</FitNesseVersion>
  <rootPath>FrontPage.Library.addClient</rootPath>
  <result>
    <counts>
      <right>1</right>
      <wrong>2</wrong>
      <ignores>0</ignores>
      <exceptions>1</exceptions>
    </counts>
    <date>2019-06-12T20:41:59+02:00</date>
    <runTimeInMillis>280</runTimeInMillis>
    <content>&lt;div class="collapsible closed"&gt;&lt;ul&gt;&lt;li&gt;&lt;a href='#' class='expandall'&gt;Expand&lt;/a&gt;&lt;/li&gt;&lt;li&gt;&lt;a href='#' class='collapseall'&gt;Collapse&lt;/a&gt;&lt;/li&gt;&lt;/ul&gt;
	&lt;p class="title"&gt;Included page: &lt;a href="FrontPage.Library.SetUp"&gt;.FrontPage.Library.SetUp&lt;/a&gt; &lt;a href="FrontPage.Library.SetUp?edit&amp;amp;redirectToReferer=true&amp;amp;redirectAction=" class="edit"&gt;(edit)&lt;/a&gt;&lt;/p&gt;
	&lt;div&gt;&lt;table&gt;
	&lt;tr&gt;
		&lt;td&gt;tests_fitnesse_fixture.SetUp&lt;/td&gt;
	&lt;/tr&gt;
&lt;/table&gt;
&lt;/div&gt;
&lt;/div&gt;
&lt;br/&gt;&lt;table&gt;
	&lt;tr&gt;
		&lt;td colspan="5"&gt;tests_fitnesse_fixture.Test_addClient&lt;/td&gt;
	&lt;/tr&gt;
	&lt;tr&gt;
		&lt;td&gt;number&lt;/td&gt;
		&lt;td&gt;datainclients&lt;/td&gt;
		&lt;td&gt;addClient_?&lt;/td&gt;
		&lt;td&gt;data&lt;/td&gt;
		&lt;td&gt;result&lt;/td&gt;
	&lt;/tr&gt;
	&lt;tr&gt;
		&lt;td&gt;0&lt;/td&gt;
		&lt;td&gt;1,1, Tata, Kazika,111333555&lt;/td&gt;
		&lt;td class="fail"&gt;true &lt;span class="fit_label"&gt;expected&lt;/span&gt;&lt;hr&gt;false &lt;span class="fit_label"&gt;actual&lt;/span&gt;&lt;/td&gt;
		&lt;td&gt; &lt;span class="fit_grey"&gt;
Name: Name1 Surname: Surname1 PESEL: PESEL1 Mother's Maiden Name: MothersMaidenName1 Card Series: 1 telephone: 123 adress: Adress1 relation: RelationToAccount1&lt;/span&gt;&lt;/td&gt;
		&lt;td&gt; &lt;span class="fit_grey"&gt;Client{clientID=1, firstName='Tata', lastName='Kazika', phone=111333555}&lt;/span&gt;&lt;/td&gt;
	&lt;/tr&gt;
	&lt;tr&gt;
		&lt;td&gt;1&lt;/td&gt;
		&lt;td&gt;1,2, Reinmar, Bielawa,152364214&lt;/td&gt;
		&lt;td class="fail"&gt;true &lt;span class="fit_label"&gt;expected&lt;/span&gt;&lt;hr&gt;false &lt;span class="fit_label"&gt;actual&lt;/span&gt;&lt;/td&gt;
		&lt;td&gt; &lt;span class="fit_grey"&gt;
Name: Name2 Surname: Surname2 PESEL: PESEL2 Mother's Maiden Name: MothersMaidenName1 Card Series: 2 telephone: 123 adress: Adress1 relation: RelationToAccount1&lt;/span&gt;&lt;/td&gt;
		&lt;td&gt; &lt;span class="fit_grey"&gt;Client{clientID=2, firstName='Reinmar', lastName='Bielawa', phone=152364214}&lt;/span&gt;&lt;/td&gt;
	&lt;/tr&gt;
	&lt;tr&gt;
		&lt;td&gt;1&lt;/td&gt;
		&lt;td&gt;1,2, Reinmar, Bielawa,152364214&lt;/td&gt;
		&lt;td class="pass"&gt;false&lt;/td&gt;
		&lt;td&gt; &lt;span class="fit_grey"&gt;
Name: Name2 Surname: Surname2 PESEL: PESEL2 Mother's Maiden Name: MothersMaidenName1 Card Series: 2 telephone: 123 adress: Adress1 relation: RelationToAccount1&lt;/span&gt;&lt;/td&gt;
		&lt;td&gt; &lt;span class="fit_grey"&gt;null&lt;/span&gt;&lt;/td&gt;
	&lt;/tr&gt;
	&lt;tr&gt;
		&lt;td&gt;2&lt;/td&gt;
		&lt;td&gt;2,3, Mama, Muminka,111111111&lt;/td&gt;
		&lt;td class="error"&gt;false&lt;hr&gt;&lt;pre&gt;&lt;div class="fit_stacktrace"&gt;java.util.IllegalFormatCodePointException: Code point = 0x0
	at factoryAndFacade.Factory.createClient(Factory.java:24)
	at factoryAndFacade.Facade.addClient(Facade.java:90)
	at tests_fitnesse_fixture.Test_addClient.addClient_(Test_addClient.java:20)
	at sun.reflect.NativeMethodAccessorImpl.invoke0(Native Method)
	at sun.reflect.NativeMethodAccessorImpl.invoke(Unknown Source)
	at sun.reflect.DelegatingMethodAccessorImpl.invoke(Unknown Source)
	at java.lang.reflect.Method.invoke(Unknown Source)
	at fit.TypeAdapter.invoke(TypeAdapter.java:108)
	at fit.TypeAdapter.get(TypeAdapter.java:97)
	at fit.Fixture$CellComparator.compareCellToResult(Fixture.java:374)
	at fit.Fixture$CellComparator.access$100(Fixture.java:360)
	at fit.Fixture.compareCellToResult(Fixture.java:302)
	at fit.Fixture.check(Fixture.java:298)
	at fit.ColumnFixture.check(ColumnFixture.java:45)
	at fit.Binding$QueryBinding.doCell(Binding.java:224)
	at fit.ColumnFixture.doCell(ColumnFixture.java:32)
	at fit.Fixture.doCells(Fixture.java:174)
	at fit.Fixture.doRow(Fixture.java:168)
	at fit.ColumnFixture.doRow(ColumnFixture.java:21)
	at fit.Fixture.doRows(Fixture.java:162)
	at fit.ColumnFixture.doRows(ColumnFixture.java:13)
	at fit.Fixture.doTable(Fixture.java:156)
	at fit.Fixture.interpretFollowingTables(Fixture.java:121)
	at fit.Fixture.interpretTables(Fixture.java:107)
	at fit.Fixture.doTables(Fixture.java:81)
	at fit.FitServer.process(FitServer.java:81)
	at fit.FitServer.run(FitServer.java:56)
	at fit.FitServer.main(FitServer.java:41)
&lt;/div&gt;&lt;/pre&gt;&lt;/td&gt;
		&lt;td&gt; &lt;span class="fit_grey"&gt;Name: Name2 Surname: Surname2 PESEL: PESEL2 Mother's Maiden Name: MothersMaidenName1 Card Series: 2 telephone: 123 adress: Adress1 relation: RelationToAccount1&lt;/span&gt;&lt;/td&gt;
		&lt;td&gt; &lt;span class="fit_grey"&gt;null&lt;/span&gt;&lt;/td&gt;
	&lt;/tr&gt;
&lt;/table&gt;
</content>
    <relativePageName>addClient</relativePageName>
  </result>
  <executionLog>
    <testSystem>fit:fit.FitServer</testSystem>
    <command>java -cp C:\Users\dell\Downloads\IOproj-master\TestsLibrary_FitNesse\fitnesse-standalone.jar;C:\Users\dell\Downloads\IOproj-master\TestsLibrary_FitNesse\build\classes fit.FitServer dell-Komputer 51662 3863</command>
    <exitCode>3</exitCode>
    <stdOut></stdOut>
    <stdErr></stdErr>
  </executionLog>
  <finalCounts>
    <right>0</right>
    <wrong>1</wrong>
    <ignores>0</ignores>
    <exceptions>0</exceptions>
  </finalCounts>
  <totalRunTimeInMillis>950</totalRunTimeInMillis>
</testResults>

