<?xml version="1.0"?>
<testResults>
  <FitNesseVersion>v20190508</FitNesseVersion>
  <rootPath>FrontPage.Library.addClient</rootPath>
  <result>
    <counts>
      <right>0</right>
      <wrong>0</wrong>
      <ignores>0</ignores>
      <exceptions>13</exceptions>
    </counts>
    <date>2019-06-12T20:41:31+02:00</date>
    <runTimeInMillis>2188</runTimeInMillis>
    <content>&lt;div class="collapsible closed"&gt;&lt;ul&gt;&lt;li&gt;&lt;a href='#' class='expandall'&gt;Expand&lt;/a&gt;&lt;/li&gt;&lt;li&gt;&lt;a href='#' class='collapseall'&gt;Collapse&lt;/a&gt;&lt;/li&gt;&lt;/ul&gt;
	&lt;p class="title"&gt;Included page: &lt;a href="FrontPage.Library.SetUp"&gt;.FrontPage.Library.SetUp&lt;/a&gt; &lt;a href="FrontPage.Library.SetUp?edit&amp;amp;redirectToReferer=true&amp;amp;redirectAction=" class="edit"&gt;(edit)&lt;/a&gt;&lt;/p&gt;
	&lt;div&gt;&lt;table&gt;
	&lt;tr&gt;
		&lt;td&gt;tests_fitnesse_fixture.SetUp&lt;/td&gt;
	&lt;/tr&gt;
&lt;/table&gt;
&lt;/div&gt;
&lt;/div&gt;
&lt;br/&gt;&lt;table&gt;
	&lt;tr&gt;
		&lt;td colspan="5"&gt;tests_fitnesse_fixture.Test_addClient&lt;/td&gt;
	&lt;/tr&gt;
	&lt;tr&gt;
		&lt;td&gt;number&lt;/td&gt;
		&lt;td&gt;datainclients&lt;/td&gt;
		&lt;td class="error"&gt;addClient?&lt;hr/&gt; &lt;span class="fit_label"&gt;Could not find method: addClient?.&lt;/span&gt;&lt;/td&gt;
		&lt;td&gt;data&lt;/td&gt;
		&lt;td&gt;result&lt;/td&gt;
	&lt;/tr&gt;
	&lt;tr&gt;
		&lt;td&gt;0&lt;/td&gt;
		&lt;td&gt;1,1, Tata, Kazika,111333555&lt;/td&gt;
		&lt;td class="error"&gt;true&lt;hr&gt;&lt;pre&gt;&lt;div class="fit_stacktrace"&gt;java.lang.NullPointerException
	at fit.ColumnFixture.doCell(ColumnFixture.java:32)
	at fit.Fixture.doCells(Fixture.java:174)
	at fit.Fixture.doRow(Fixture.java:168)
	at fit.ColumnFixture.doRow(ColumnFixture.java:21)
	at fit.Fixture.doRows(Fixture.java:162)
	at fit.ColumnFixture.doRows(ColumnFixture.java:13)
	at fit.Fixture.doTable(Fixture.java:156)
	at fit.Fixture.interpretFollowingTables(Fixture.java:121)
	at fit.Fixture.interpretTables(Fixture.java:107)
	at fit.Fixture.doTables(Fixture.java:81)
	at fit.FitServer.process(FitServer.java:81)
	at fit.FitServer.run(FitServer.java:56)
	at fit.FitServer.main(FitServer.java:41)
&lt;/div&gt;&lt;/pre&gt;&lt;/td&gt;
		&lt;td class="error"&gt;&lt;hr&gt;&lt;pre&gt;&lt;div class="fit_stacktrace"&gt;java.lang.NullPointerException
	at fit.ColumnFixture.doCell(ColumnFixture.java:32)
	at fit.Fixture.doCells(Fixture.java:174)
	at fit.Fixture.doRow(Fixture.java:168)
	at fit.ColumnFixture.doRow(ColumnFixture.java:21)
	at fit.Fixture.doRows(Fixture.java:162)
	at fit.ColumnFixture.doRows(ColumnFixture.java:13)
	at fit.Fixture.doTable(Fixture.java:156)
	at fit.Fixture.interpretFollowingTables(Fixture.java:121)
	at fit.Fixture.interpretTables(Fixture.java:107)
	at fit.Fixture.doTables(Fixture.java:81)
	at fit.FitServer.process(FitServer.java:81)
	at fit.FitServer.run(FitServer.java:56)
	at fit.FitServer.main(FitServer.java:41)
&lt;/div&gt;&lt;/pre&gt;&lt;/td&gt;
		&lt;td class="error"&gt;&lt;hr&gt;&lt;pre&gt;&lt;div class="fit_stacktrace"&gt;java.lang.NullPointerException
	at fit.ColumnFixture.doCell(ColumnFixture.java:32)
	at fit.Fixture.doCells(Fixture.java:174)
	at fit.Fixture.doRow(Fixture.java:168)
	at fit.ColumnFixture.doRow(ColumnFixture.java:21)
	at fit.Fixture.doRows(Fixture.java:162)
	at fit.ColumnFixture.doRows(ColumnFixture.java:13)
	at fit.Fixture.doTable(Fixture.java:156)
	at fit.Fixture.interpretFollowingTables(Fixture.java:121)
	at fit.Fixture.interpretTables(Fixture.java:107)
	at fit.Fixture.doTables(Fixture.java:81)
	at fit.FitServer.process(FitServer.java:81)
	at fit.FitServer.run(FitServer.java:56)
	at fit.FitServer.main(FitServer.java:41)
&lt;/div&gt;&lt;/pre&gt;&lt;/td&gt;
	&lt;/tr&gt;
	&lt;tr&gt;
		&lt;td&gt;1&lt;/td&gt;
		&lt;td&gt;1,2, Reinmar, Bielawa,152364214&lt;/td&gt;
		&lt;td class="error"&gt;true&lt;hr&gt;&lt;pre&gt;&lt;div class="fit_stacktrace"&gt;java.lang.NullPointerException
	at fit.ColumnFixture.doCell(ColumnFixture.java:32)
	at fit.Fixture.doCells(Fixture.java:174)
	at fit.Fixture.doRow(Fixture.java:168)
	at fit.ColumnFixture.doRow(ColumnFixture.java:21)
	at fit.Fixture.doRows(Fixture.java:162)
	at fit.ColumnFixture.doRows(ColumnFixture.java:13)
	at fit.Fixture.doTable(Fixture.java:156)
	at fit.Fixture.interpretFollowingTables(Fixture.java:121)
	at fit.Fixture.interpretTables(Fixture.java:107)
	at fit.Fixture.doTables(Fixture.java:81)
	at fit.FitServer.process(FitServer.java:81)
	at fit.FitServer.run(FitServer.java:56)
	at fit.FitServer.main(FitServer.java:41)
&lt;/div&gt;&lt;/pre&gt;&lt;/td&gt;
		&lt;td class="error"&gt;&lt;hr&gt;&lt;pre&gt;&lt;div class="fit_stacktrace"&gt;java.lang.NullPointerException
	at fit.ColumnFixture.doCell(ColumnFixture.java:32)
	at fit.Fixture.doCells(Fixture.java:174)
	at fit.Fixture.doRow(Fixture.java:168)
	at fit.ColumnFixture.doRow(ColumnFixture.java:21)
	at fit.Fixture.doRows(Fixture.java:162)
	at fit.ColumnFixture.doRows(ColumnFixture.java:13)
	at fit.Fixture.doTable(Fixture.java:156)
	at fit.Fixture.interpretFollowingTables(Fixture.java:121)
	at fit.Fixture.interpretTables(Fixture.java:107)
	at fit.Fixture.doTables(Fixture.java:81)
	at fit.FitServer.process(FitServer.java:81)
	at fit.FitServer.run(FitServer.java:56)
	at fit.FitServer.main(FitServer.java:41)
&lt;/div&gt;&lt;/pre&gt;&lt;/td&gt;
		&lt;td class="error"&gt;&lt;hr&gt;&lt;pre&gt;&lt;div class="fit_stacktrace"&gt;java.lang.NullPointerException
	at fit.ColumnFixture.doCell(ColumnFixture.java:32)
	at fit.Fixture.doCells(Fixture.java:174)
	at fit.Fixture.doRow(Fixture.java:168)
	at fit.ColumnFixture.doRow(ColumnFixture.java:21)
	at fit.Fixture.doRows(Fixture.java:162)
	at fit.ColumnFixture.doRows(ColumnFixture.java:13)
	at fit.Fixture.doTable(Fixture.java:156)
	at fit.Fixture.interpretFollowingTables(Fixture.java:121)
	at fit.Fixture.interpretTables(Fixture.java:107)
	at fit.Fixture.doTables(Fixture.java:81)
	at fit.FitServer.process(FitServer.java:81)
	at fit.FitServer.run(FitServer.java:56)
	at fit.FitServer.main(FitServer.java:41)
&lt;/div&gt;&lt;/pre&gt;&lt;/td&gt;
	&lt;/tr&gt;
	&lt;tr&gt;
		&lt;td&gt;1&lt;/td&gt;
		&lt;td&gt;1,2, Reinmar, Bielawa,152364214&lt;/td&gt;
		&lt;td class="error"&gt;false&lt;hr&gt;&lt;pre&gt;&lt;div class="fit_stacktrace"&gt;java.lang.NullPointerException
	at fit.ColumnFixture.doCell(ColumnFixture.java:32)
	at fit.Fixture.doCells(Fixture.java:174)
	at fit.Fixture.doRow(Fixture.java:168)
	at fit.ColumnFixture.doRow(ColumnFixture.java:21)
	at fit.Fixture.doRows(Fixture.java:162)
	at fit.ColumnFixture.doRows(ColumnFixture.java:13)
	at fit.Fixture.doTable(Fixture.java:156)
	at fit.Fixture.interpretFollowingTables(Fixture.java:121)
	at fit.Fixture.interpretTables(Fixture.java:107)
	at fit.Fixture.doTables(Fixture.java:81)
	at fit.FitServer.process(FitServer.java:81)
	at fit.FitServer.run(FitServer.java:56)
	at fit.FitServer.main(FitServer.java:41)
&lt;/div&gt;&lt;/pre&gt;&lt;/td&gt;
		&lt;td class="error"&gt;&lt;hr&gt;&lt;pre&gt;&lt;div class="fit_stacktrace"&gt;java.lang.NullPointerException
	at fit.ColumnFixture.doCell(ColumnFixture.java:32)
	at fit.Fixture.doCells(Fixture.java:174)
	at fit.Fixture.doRow(Fixture.java:168)
	at fit.ColumnFixture.doRow(ColumnFixture.java:21)
	at fit.Fixture.doRows(Fixture.java:162)
	at fit.ColumnFixture.doRows(ColumnFixture.java:13)
	at fit.Fixture.doTable(Fixture.java:156)
	at fit.Fixture.interpretFollowingTables(Fixture.java:121)
	at fit.Fixture.interpretTables(Fixture.java:107)
	at fit.Fixture.doTables(Fixture.java:81)
	at fit.FitServer.process(FitServer.java:81)
	at fit.FitServer.run(FitServer.java:56)
	at fit.FitServer.main(FitServer.java:41)
&lt;/div&gt;&lt;/pre&gt;&lt;/td&gt;
		&lt;td class="error"&gt;&lt;hr&gt;&lt;pre&gt;&lt;div class="fit_stacktrace"&gt;java.lang.NullPointerException
	at fit.ColumnFixture.doCell(ColumnFixture.java:32)
	at fit.Fixture.doCells(Fixture.java:174)
	at fit.Fixture.doRow(Fixture.java:168)
	at fit.ColumnFixture.doRow(ColumnFixture.java:21)
	at fit.Fixture.doRows(Fixture.java:162)
	at fit.ColumnFixture.doRows(ColumnFixture.java:13)
	at fit.Fixture.doTable(Fixture.java:156)
	at fit.Fixture.interpretFollowingTables(Fixture.java:121)
	at fit.Fixture.interpretTables(Fixture.java:107)
	at fit.Fixture.doTables(Fixture.java:81)
	at fit.FitServer.process(FitServer.java:81)
	at fit.FitServer.run(FitServer.java:56)
	at fit.FitServer.main(FitServer.java:41)
&lt;/div&gt;&lt;/pre&gt;&lt;/td&gt;
	&lt;/tr&gt;
	&lt;tr&gt;
		&lt;td&gt;2&lt;/td&gt;
		&lt;td&gt;2,3, Mama, Muminka,111111111&lt;/td&gt;
		&lt;td class="error"&gt;false&lt;hr&gt;&lt;pre&gt;&lt;div class="fit_stacktrace"&gt;java.lang.NullPointerException
	at fit.ColumnFixture.doCell(ColumnFixture.java:32)
	at fit.Fixture.doCells(Fixture.java:174)
	at fit.Fixture.doRow(Fixture.java:168)
	at fit.ColumnFixture.doRow(ColumnFixture.java:21)
	at fit.Fixture.doRows(Fixture.java:162)
	at fit.ColumnFixture.doRows(ColumnFixture.java:13)
	at fit.Fixture.doTable(Fixture.java:156)
	at fit.Fixture.interpretFollowingTables(Fixture.java:121)
	at fit.Fixture.interpretTables(Fixture.java:107)
	at fit.Fixture.doTables(Fixture.java:81)
	at fit.FitServer.process(FitServer.java:81)
	at fit.FitServer.run(FitServer.java:56)
	at fit.FitServer.main(FitServer.java:41)
&lt;/div&gt;&lt;/pre&gt;&lt;/td&gt;
		&lt;td class="error"&gt;&lt;hr&gt;&lt;pre&gt;&lt;div class="fit_stacktrace"&gt;java.lang.NullPointerException
	at fit.ColumnFixture.doCell(ColumnFixture.java:32)
	at fit.Fixture.doCells(Fixture.java:174)
	at fit.Fixture.doRow(Fixture.java:168)
	at fit.ColumnFixture.doRow(ColumnFixture.java:21)
	at fit.Fixture.doRows(Fixture.java:162)
	at fit.ColumnFixture.doRows(ColumnFixture.java:13)
	at fit.Fixture.doTable(Fixture.java:156)
	at fit.Fixture.interpretFollowingTables(Fixture.java:121)
	at fit.Fixture.interpretTables(Fixture.java:107)
	at fit.Fixture.doTables(Fixture.java:81)
	at fit.FitServer.process(FitServer.java:81)
	at fit.FitServer.run(FitServer.java:56)
	at fit.FitServer.main(FitServer.java:41)
&lt;/div&gt;&lt;/pre&gt;&lt;/td&gt;
		&lt;td class="error"&gt;&lt;hr&gt;&lt;pre&gt;&lt;div class="fit_stacktrace"&gt;java.lang.NullPointerException
	at fit.ColumnFixture.doCell(ColumnFixture.java:32)
	at fit.Fixture.doCells(Fixture.java:174)
	at fit.Fixture.doRow(Fixture.java:168)
	at fit.ColumnFixture.doRow(ColumnFixture.java:21)
	at fit.Fixture.doRows(Fixture.java:162)
	at fit.ColumnFixture.doRows(ColumnFixture.java:13)
	at fit.Fixture.doTable(Fixture.java:156)
	at fit.Fixture.interpretFollowingTables(Fixture.java:121)
	at fit.Fixture.interpretTables(Fixture.java:107)
	at fit.Fixture.doTables(Fixture.java:81)
	at fit.FitServer.process(FitServer.java:81)
	at fit.FitServer.run(FitServer.java:56)
	at fit.FitServer.main(FitServer.java:41)
&lt;/div&gt;&lt;/pre&gt;&lt;/td&gt;
	&lt;/tr&gt;
&lt;/table&gt;
</content>
    <relativePageName>addClient</relativePageName>
  </result>
  <executionLog>
    <testSystem>fit:fit.FitServer</testSystem>
    <command>java -cp C:\Users\dell\Downloads\IOproj-master\TestsLibrary_FitNesse\fitnesse-standalone.jar;C:\Users\dell\Downloads\IOproj-master\TestsLibrary_FitNesse\build\classes fit.FitServer dell-Komputer 51538 3863</command>
    <exitCode>13</exitCode>
    <stdOut></stdOut>
    <stdErr></stdErr>
  </executionLog>
  <finalCounts>
    <right>0</right>
    <wrong>0</wrong>
    <ignores>0</ignores>
    <exceptions>1</exceptions>
  </finalCounts>
  <totalRunTimeInMillis>3005</totalRunTimeInMillis>
</testResults>

