<?xml version="1.0"?>
<testResults>
  <FitNesseVersion>v20190508</FitNesseVersion>
  <rootPath>FrontPage.Library.addReservation</rootPath>
  <result>
    <counts>
      <right>11</right>
      <wrong>3</wrong>
      <ignores>0</ignores>
      <exceptions>0</exceptions>
    </counts>
    <date>2019-06-12T22:54:21+02:00</date>
    <runTimeInMillis>342</runTimeInMillis>
    <content>&lt;div class="collapsible closed"&gt;&lt;ul&gt;&lt;li&gt;&lt;a href='#' class='expandall'&gt;Expand&lt;/a&gt;&lt;/li&gt;&lt;li&gt;&lt;a href='#' class='collapseall'&gt;Collapse&lt;/a&gt;&lt;/li&gt;&lt;/ul&gt;
	&lt;p class="title"&gt;Included page: &lt;a href="FrontPage.Library.SetUp"&gt;.FrontPage.Library.SetUp&lt;/a&gt; &lt;a href="FrontPage.Library.SetUp?edit&amp;amp;redirectToReferer=true&amp;amp;redirectAction=" class="edit"&gt;(edit)&lt;/a&gt;&lt;/p&gt;
	&lt;div&gt;&lt;table&gt;
	&lt;tr&gt;
		&lt;td&gt;tests_fitnesse_fixture.SetUp&lt;/td&gt;
	&lt;/tr&gt;
&lt;/table&gt;
&lt;/div&gt;
&lt;/div&gt;
&lt;br/&gt;&lt;div class="collapsible"&gt;&lt;ul&gt;&lt;li&gt;&lt;a href='#' class='expandall'&gt;Expand&lt;/a&gt;&lt;/li&gt;&lt;li&gt;&lt;a href='#' class='collapseall'&gt;Collapse&lt;/a&gt;&lt;/li&gt;&lt;/ul&gt;
	&lt;p class="title"&gt;Included page: &lt;a href="FrontPage.Library.addClient"&gt;addClient&lt;/a&gt; &lt;a href="FrontPage.Library.addClient?edit&amp;amp;redirectToReferer=true&amp;amp;redirectAction=" class="edit"&gt;(edit)&lt;/a&gt;&lt;/p&gt;
	&lt;div&gt;&lt;table&gt;
	&lt;tr&gt;
		&lt;td colspan="5"&gt;tests_fitnesse_fixture.Test_addClient&lt;/td&gt;
	&lt;/tr&gt;
	&lt;tr&gt;
		&lt;td&gt;number&lt;/td&gt;
		&lt;td&gt;datainclients&lt;/td&gt;
		&lt;td&gt;addClient_?&lt;/td&gt;
		&lt;td&gt;data&lt;/td&gt;
		&lt;td&gt;result&lt;/td&gt;
	&lt;/tr&gt;
	&lt;tr&gt;
		&lt;td&gt;0&lt;/td&gt;
		&lt;td&gt;1,1, Tata, Kazika,111333555&lt;/td&gt;
		&lt;td class="pass"&gt;true&lt;/td&gt;
		&lt;td&gt; &lt;span class="fit_grey"&gt;Client{clientID=1, firstName='Tata', lastName='Kazika', phone=111333555}&lt;/span&gt;&lt;/td&gt;
		&lt;td&gt; &lt;span class="fit_grey"&gt;Client{clientID=1, firstName='Tata', lastName='Kazika', phone=111333555}&lt;/span&gt;&lt;/td&gt;
	&lt;/tr&gt;
	&lt;tr&gt;
		&lt;td&gt;1&lt;/td&gt;
		&lt;td&gt;1,2, Reinmar, Bielawa,152364214&lt;/td&gt;
		&lt;td class="pass"&gt;true&lt;/td&gt;
		&lt;td&gt; &lt;span class="fit_grey"&gt;Client{clientID=2, firstName='Reinmar', lastName='Bielawa', phone=152364214}&lt;/span&gt;&lt;/td&gt;
		&lt;td&gt; &lt;span class="fit_grey"&gt;Client{clientID=2, firstName='Reinmar', lastName='Bielawa', phone=152364214}&lt;/span&gt;&lt;/td&gt;
	&lt;/tr&gt;
	&lt;tr&gt;
		&lt;td&gt;1&lt;/td&gt;
		&lt;td&gt;1,2, Reinmar, Bielawa,152364214&lt;/td&gt;
		&lt;td class="pass"&gt;false&lt;/td&gt;
		&lt;td&gt; &lt;span class="fit_grey"&gt;Client{clientID=2, firstName='Reinmar', lastName='Bielawa', phone=152364214}&lt;/span&gt;&lt;/td&gt;
		&lt;td&gt; &lt;span class="fit_grey"&gt;null&lt;/span&gt;&lt;/td&gt;
	&lt;/tr&gt;
	&lt;tr&gt;
		&lt;td&gt;2&lt;/td&gt;
		&lt;td&gt;1,3, Mama, Muminka,111111111&lt;/td&gt;
		&lt;td class="pass"&gt;true&lt;/td&gt;
		&lt;td&gt; &lt;span class="fit_grey"&gt;Client{clientID=3, firstName='Mama', lastName='Muminka', phone=111111111}&lt;/span&gt;&lt;/td&gt;
		&lt;td&gt; &lt;span class="fit_grey"&gt;Client{clientID=3, firstName='Mama', lastName='Muminka', phone=111111111}&lt;/span&gt;&lt;/td&gt;
	&lt;/tr&gt;
&lt;/table&gt;
&lt;/div&gt;
&lt;/div&gt;
&lt;div class="collapsible"&gt;&lt;ul&gt;&lt;li&gt;&lt;a href='#' class='expandall'&gt;Expand&lt;/a&gt;&lt;/li&gt;&lt;li&gt;&lt;a href='#' class='collapseall'&gt;Collapse&lt;/a&gt;&lt;/li&gt;&lt;/ul&gt;
	&lt;p class="title"&gt;Included page: &lt;a href="FrontPage.Library.addYacht"&gt;addYacht&lt;/a&gt; &lt;a href="FrontPage.Library.addYacht?edit&amp;amp;redirectToReferer=true&amp;amp;redirectAction=" class="edit"&gt;(edit)&lt;/a&gt;&lt;/p&gt;
	&lt;div&gt;&lt;table&gt;
	&lt;tr&gt;
		&lt;td colspan="5"&gt;tests_fitnesse_fixture.Test_addYacht&lt;/td&gt;
	&lt;/tr&gt;
	&lt;tr&gt;
		&lt;td&gt;number&lt;/td&gt;
		&lt;td&gt;datainyachts&lt;/td&gt;
		&lt;td&gt;addYacht_?&lt;/td&gt;
		&lt;td&gt;data&lt;/td&gt;
		&lt;td&gt;result&lt;/td&gt;
	&lt;/tr&gt;
	&lt;tr&gt;
		&lt;td&gt;0&lt;/td&gt;
		&lt;td&gt;1,1, Demon, boat, 20,4,200,1&lt;/td&gt;
		&lt;td class="pass"&gt;true&lt;/td&gt;
		&lt;td&gt; &lt;span class="fit_grey"&gt;Yacht{yachtID=1, name='Demon', type='boat', length=20.0, crewNumber=4, enginePower=200.0, sailsNumber=1}&lt;/span&gt;&lt;/td&gt;
		&lt;td&gt; &lt;span class="fit_grey"&gt;Yacht{yachtID=1, name='Demon', type='boat', length=20.0, crewNumber=4, enginePower=200.0, sailsNumber=1}&lt;/span&gt;&lt;/td&gt;
	&lt;/tr&gt;
	&lt;tr&gt;
		&lt;td&gt;1&lt;/td&gt;
		&lt;td&gt;1,2, Ptak, rower wodny,3,4,0,2&lt;/td&gt;
		&lt;td class="pass"&gt;true&lt;/td&gt;
		&lt;td&gt; &lt;span class="fit_grey"&gt;Yacht{yachtID=2, name='Ptak', type='rower wodny', length=3.0, crewNumber=4, enginePower=0.0, sailsNumber=2}&lt;/span&gt;&lt;/td&gt;
		&lt;td&gt; &lt;span class="fit_grey"&gt;Yacht{yachtID=2, name='Ptak', type='rower wodny', length=3.0, crewNumber=4, enginePower=0.0, sailsNumber=2}&lt;/span&gt;&lt;/td&gt;
	&lt;/tr&gt;
	&lt;tr&gt;
		&lt;td&gt;1&lt;/td&gt;
		&lt;td&gt;1,2, Ptak, rower wodny,3,4,0,2&lt;/td&gt;
		&lt;td class="pass"&gt;false&lt;/td&gt;
		&lt;td&gt; &lt;span class="fit_grey"&gt;Yacht{yachtID=2, name='Ptak', type='rower wodny', length=3.0, crewNumber=4, enginePower=0.0, sailsNumber=2}&lt;/span&gt;&lt;/td&gt;
		&lt;td&gt; &lt;span class="fit_grey"&gt;null&lt;/span&gt;&lt;/td&gt;
	&lt;/tr&gt;
	&lt;tr&gt;
		&lt;td&gt;2&lt;/td&gt;
		&lt;td&gt;1,3, Maria, żaglówka,40,8, 500,3&lt;/td&gt;
		&lt;td class="pass"&gt;true&lt;/td&gt;
		&lt;td&gt; &lt;span class="fit_grey"&gt;Yacht{yachtID=3, name='Maria', type='żaglówka', length=40.0, crewNumber=8, enginePower=500.0, sailsNumber=3}&lt;/span&gt;&lt;/td&gt;
		&lt;td&gt; &lt;span class="fit_grey"&gt;Yacht{yachtID=3, name='Maria', type='żaglówka', length=40.0, crewNumber=8, enginePower=500.0, sailsNumber=3}&lt;/span&gt;&lt;/td&gt;
	&lt;/tr&gt;
	&lt;tr&gt;
		&lt;td&gt;3&lt;/td&gt;
		&lt;td&gt;1,4, Butterfly, boat,10,5,100,4&lt;/td&gt;
		&lt;td class="pass"&gt;true&lt;/td&gt;
		&lt;td&gt; &lt;span class="fit_grey"&gt;Yacht{yachtID=4, name='Butterfly', type='boat', length=10.0, crewNumber=5, enginePower=100.0, sailsNumber=4}&lt;/span&gt;&lt;/td&gt;
		&lt;td&gt; &lt;span class="fit_grey"&gt;Yacht{yachtID=4, name='Butterfly', type='boat', length=10.0, crewNumber=5, enginePower=100.0, sailsNumber=4}&lt;/span&gt;&lt;/td&gt;
	&lt;/tr&gt;
	&lt;tr&gt;
		&lt;td&gt;4&lt;/td&gt;
		&lt;td&gt;1,5, Okoń, canoe,3,2,0,5&lt;/td&gt;
		&lt;td class="pass"&gt;true&lt;/td&gt;
		&lt;td&gt; &lt;span class="fit_grey"&gt;Yacht{yachtID=5, name='Okoń', type='canoe', length=3.0, crewNumber=2, enginePower=0.0, sailsNumber=5}&lt;/span&gt;&lt;/td&gt;
		&lt;td&gt; &lt;span class="fit_grey"&gt;Yacht{yachtID=5, name='Okoń', type='canoe', length=3.0, crewNumber=2, enginePower=0.0, sailsNumber=5}&lt;/span&gt;&lt;/td&gt;
	&lt;/tr&gt;
	&lt;tr&gt;
		&lt;td&gt;5&lt;/td&gt;
		&lt;td&gt;1,6, Kryzys, kajak,1,1,0,6&lt;/td&gt;
		&lt;td class="pass"&gt;true&lt;/td&gt;
		&lt;td&gt; &lt;span class="fit_grey"&gt;Yacht{yachtID=6, name='Kryzys', type='kajak', length=1.0, crewNumber=1, enginePower=0.0, sailsNumber=6}&lt;/span&gt;&lt;/td&gt;
		&lt;td&gt; &lt;span class="fit_grey"&gt;Yacht{yachtID=6, name='Kryzys', type='kajak', length=1.0, crewNumber=1, enginePower=0.0, sailsNumber=6}&lt;/span&gt;&lt;/td&gt;
	&lt;/tr&gt;
&lt;/table&gt;
&lt;/div&gt;
&lt;/div&gt;
&lt;table&gt;
	&lt;tr&gt;
		&lt;td colspan="7"&gt;tests_fitnesse_fixture.Test_addReservation&lt;/td&gt;
	&lt;/tr&gt;
	&lt;tr&gt;
		&lt;td&gt;number&lt;/td&gt;
		&lt;td&gt;datainyachts&lt;/td&gt;
		&lt;td&gt;datainclients&lt;/td&gt;
		&lt;td&gt;dates&lt;/td&gt;
		&lt;td&gt;addReservation_?&lt;/td&gt;
		&lt;td&gt;data&lt;/td&gt;
		&lt;td&gt;result&lt;/td&gt;
	&lt;/tr&gt;
	&lt;tr&gt;
		&lt;td&gt;0&lt;/td&gt;
		&lt;td&gt;0,1,boat&lt;/td&gt;
		&lt;td&gt;0,1&lt;/td&gt;
		&lt;td&gt;1,1,2019-07-05,2019-07-10&lt;/td&gt;
		&lt;td class="fail"&gt;true &lt;span class="fit_label"&gt;expected&lt;/span&gt;&lt;hr&gt;false &lt;span class="fit_label"&gt;actual&lt;/span&gt;&lt;/td&gt;
		&lt;td&gt; &lt;span class="fit_grey"&gt;number: 999322122 nfcPayment: true status: true Limit: 100.0 org: visa&lt;/span&gt;&lt;/td&gt;
		&lt;td&gt; &lt;span class="fit_grey"&gt;Zarezerwowano jacht&lt;/span&gt;&lt;/td&gt;
	&lt;/tr&gt;
	&lt;tr&gt;
		&lt;td&gt;1&lt;/td&gt;
		&lt;td&gt;0,4,boat&lt;/td&gt;
		&lt;td&gt;0,2&lt;/td&gt;
		&lt;td&gt;1,1,2019-07-16,2019-07-20&lt;/td&gt;
		&lt;td class="fail"&gt;true &lt;span class="fit_label"&gt;expected&lt;/span&gt;&lt;hr&gt;false &lt;span class="fit_label"&gt;actual&lt;/span&gt;&lt;/td&gt;
		&lt;td&gt; &lt;span class="fit_grey"&gt;number: 000322122 nfcPayment: true status: true Limit: 100.0 org: visa&lt;/span&gt;&lt;/td&gt;
		&lt;td&gt; &lt;span class="fit_grey"&gt;Zarezerwowano jacht&lt;/span&gt;&lt;/td&gt;
	&lt;/tr&gt;
	&lt;tr&gt;
		&lt;td&gt;2&lt;/td&gt;
		&lt;td&gt;0,5,canoe&lt;/td&gt;
		&lt;td&gt;0,3&lt;/td&gt;
		&lt;td&gt;1,1,2019-07-21,2019-07-24&lt;/td&gt;
		&lt;td class="fail"&gt;true &lt;span class="fit_label"&gt;expected&lt;/span&gt;&lt;hr&gt;false &lt;span class="fit_label"&gt;actual&lt;/span&gt;&lt;/td&gt;
		&lt;td&gt; &lt;span class="fit_grey"&gt;number: 01231231 nfcPayment: true status: true Limit: 1000.0 org: mastercard&lt;/span&gt;&lt;/td&gt;
		&lt;td&gt; &lt;span class="fit_grey"&gt;Zarezerwowano jacht&lt;/span&gt;&lt;/td&gt;
	&lt;/tr&gt;
&lt;/table&gt;
&lt;br/&gt;</content>
    <relativePageName>addReservation</relativePageName>
  </result>
  <executionLog>
    <testSystem>fit:fit.FitServer</testSystem>
    <command>java -cp C:\Users\dell\Downloads\IOproj-master\TestsLibrary_FitNesse\fitnesse-standalone.jar;C:\Users\dell\Downloads\IOproj-master\TestsLibrary_FitNesse\build\classes fit.FitServer dell-Komputer 49562 3863</command>
    <exitCode>3</exitCode>
    <stdOut></stdOut>
    <stdErr></stdErr>
  </executionLog>
  <finalCounts>
    <right>0</right>
    <wrong>1</wrong>
    <ignores>0</ignores>
    <exceptions>0</exceptions>
  </finalCounts>
  <totalRunTimeInMillis>1167</totalRunTimeInMillis>
</testResults>

