<?xml version="1.0"?>
<testResults>
  <FitNesseVersion>v20190508</FitNesseVersion>
  <rootPath>FrontPage.Library.modifyYacht</rootPath>
  <result>
    <counts>
      <right>4</right>
      <wrong>3</wrong>
      <ignores>0</ignores>
      <exceptions>0</exceptions>
    </counts>
    <date>2019-06-12T23:33:53+02:00</date>
    <runTimeInMillis>56</runTimeInMillis>
    <content>&lt;div class="collapsible closed"&gt;&lt;ul&gt;&lt;li&gt;&lt;a href='#' class='expandall'&gt;Expand&lt;/a&gt;&lt;/li&gt;&lt;li&gt;&lt;a href='#' class='collapseall'&gt;Collapse&lt;/a&gt;&lt;/li&gt;&lt;/ul&gt;
	&lt;p class="title"&gt;Included page: &lt;a href="FrontPage.Library.SetUp"&gt;.FrontPage.Library.SetUp&lt;/a&gt; &lt;a href="FrontPage.Library.SetUp?edit&amp;amp;redirectToReferer=true&amp;amp;redirectAction=" class="edit"&gt;(edit)&lt;/a&gt;&lt;/p&gt;
	&lt;div&gt;&lt;table&gt;
	&lt;tr&gt;
		&lt;td&gt;tests_fitnesse_fixture.SetUp&lt;/td&gt;
	&lt;/tr&gt;
&lt;/table&gt;
&lt;/div&gt;
&lt;/div&gt;
&lt;br/&gt;&lt;div class="collapsible"&gt;&lt;ul&gt;&lt;li&gt;&lt;a href='#' class='expandall'&gt;Expand&lt;/a&gt;&lt;/li&gt;&lt;li&gt;&lt;a href='#' class='collapseall'&gt;Collapse&lt;/a&gt;&lt;/li&gt;&lt;/ul&gt;
	&lt;p class="title"&gt;Included page: &lt;a href="FrontPage.Library.addClient"&gt;addClient&lt;/a&gt; &lt;a href="FrontPage.Library.addClient?edit&amp;amp;redirectToReferer=true&amp;amp;redirectAction=" class="edit"&gt;(edit)&lt;/a&gt;&lt;/p&gt;
	&lt;div&gt;&lt;table&gt;
	&lt;tr&gt;
		&lt;td colspan="5"&gt;tests_fitnesse_fixture.Test_addClient&lt;/td&gt;
	&lt;/tr&gt;
	&lt;tr&gt;
		&lt;td&gt;number&lt;/td&gt;
		&lt;td&gt;datainclients&lt;/td&gt;
		&lt;td&gt;addClient_?&lt;/td&gt;
		&lt;td&gt;data&lt;/td&gt;
		&lt;td&gt;result&lt;/td&gt;
	&lt;/tr&gt;
	&lt;tr&gt;
		&lt;td&gt;0&lt;/td&gt;
		&lt;td&gt;1,1, Tata, Kazika,111333555&lt;/td&gt;
		&lt;td class="pass"&gt;true&lt;/td&gt;
		&lt;td&gt; &lt;span class="fit_grey"&gt;Client{clientID=1, firstName='Tata', lastName='Kazika', phone=111333555}&lt;/span&gt;&lt;/td&gt;
		&lt;td&gt; &lt;span class="fit_grey"&gt;Client{clientID=1, firstName='Tata', lastName='Kazika', phone=111333555}&lt;/span&gt;&lt;/td&gt;
	&lt;/tr&gt;
	&lt;tr&gt;
		&lt;td&gt;1&lt;/td&gt;
		&lt;td&gt;1,2, Reinmar, Bielawa,152364214&lt;/td&gt;
		&lt;td class="pass"&gt;true&lt;/td&gt;
		&lt;td&gt; &lt;span class="fit_grey"&gt;Client{clientID=2, firstName='Reinmar', lastName='Bielawa', phone=152364214}&lt;/span&gt;&lt;/td&gt;
		&lt;td&gt; &lt;span class="fit_grey"&gt;Client{clientID=2, firstName='Reinmar', lastName='Bielawa', phone=152364214}&lt;/span&gt;&lt;/td&gt;
	&lt;/tr&gt;
	&lt;tr&gt;
		&lt;td&gt;1&lt;/td&gt;
		&lt;td&gt;1,2, Reinmar, Bielawa,152364214&lt;/td&gt;
		&lt;td class="pass"&gt;false&lt;/td&gt;
		&lt;td&gt; &lt;span class="fit_grey"&gt;Client{clientID=2, firstName='Reinmar', lastName='Bielawa', phone=152364214}&lt;/span&gt;&lt;/td&gt;
		&lt;td&gt; &lt;span class="fit_grey"&gt;null&lt;/span&gt;&lt;/td&gt;
	&lt;/tr&gt;
	&lt;tr&gt;
		&lt;td&gt;2&lt;/td&gt;
		&lt;td&gt;1,3, Mama, Muminka,111111111&lt;/td&gt;
		&lt;td class="pass"&gt;true&lt;/td&gt;
		&lt;td&gt; &lt;span class="fit_grey"&gt;Client{clientID=3, firstName='Mama', lastName='Muminka', phone=111111111}&lt;/span&gt;&lt;/td&gt;
		&lt;td&gt; &lt;span class="fit_grey"&gt;Client{clientID=3, firstName='Mama', lastName='Muminka', phone=111111111}&lt;/span&gt;&lt;/td&gt;
	&lt;/tr&gt;
&lt;/table&gt;
&lt;/div&gt;
&lt;/div&gt;
&lt;table&gt;
	&lt;tr&gt;
		&lt;td colspan="6"&gt;tests_fitnesse_fixture.Test_modifyClient&lt;/td&gt;
	&lt;/tr&gt;
	&lt;tr&gt;
		&lt;td&gt;number&lt;/td&gt;
		&lt;td&gt;dataYacht&lt;/td&gt;
		&lt;td&gt;parameter&lt;/td&gt;
		&lt;td&gt;modifyClient_?&lt;/td&gt;
		&lt;td&gt;data&lt;/td&gt;
		&lt;td&gt;result&lt;/td&gt;
	&lt;/tr&gt;
	&lt;tr&gt;
		&lt;td&gt;0&lt;/td&gt;
		&lt;td&gt;0,1, Tata, Kazika,111333555&lt;/td&gt;
		&lt;td&gt;firstName&lt;/td&gt;
		&lt;td class="fail"&gt;true &lt;span class="fit_label"&gt;expected&lt;/span&gt;&lt;hr&gt;false &lt;span class="fit_label"&gt;actual&lt;/span&gt;&lt;/td&gt;
		&lt;td&gt; &lt;span class="fit_grey"&gt;Yacht{yachtID=1, name='Demon', type='boat', length=20.0, crewNumber=4, enginePower=200.0, sailsNumber=1}&lt;/span&gt;&lt;/td&gt;
		&lt;td&gt; &lt;span class="fit_grey"&gt;Client 1 firstName changed&lt;/span&gt;&lt;/td&gt;
	&lt;/tr&gt;
	&lt;tr&gt;
		&lt;td&gt;1&lt;/td&gt;
		&lt;td&gt;0,2, Reinmar, Bielawa,152364214&lt;/td&gt;
		&lt;td&gt;lastName&lt;/td&gt;
		&lt;td class="fail"&gt;true &lt;span class="fit_label"&gt;expected&lt;/span&gt;&lt;hr&gt;false &lt;span class="fit_label"&gt;actual&lt;/span&gt;&lt;/td&gt;
		&lt;td&gt; &lt;span class="fit_grey"&gt;Yacht{yachtID=2, name='Ptak', type='rower wodny', length=3.0, crewNumber=4, enginePower=0.0, sailsNumber=2}&lt;/span&gt;&lt;/td&gt;
		&lt;td&gt; &lt;span class="fit_grey"&gt;Podano zły parametr&lt;/span&gt;&lt;/td&gt;
	&lt;/tr&gt;
	&lt;tr&gt;
		&lt;td&gt;2&lt;/td&gt;
		&lt;td&gt;0,3, Mama, Muminka,111111111&lt;/td&gt;
		&lt;td&gt;phone&lt;/td&gt;
		&lt;td class="fail"&gt;true &lt;span class="fit_label"&gt;expected&lt;/span&gt;&lt;hr&gt;false &lt;span class="fit_label"&gt;actual&lt;/span&gt;&lt;/td&gt;
		&lt;td&gt; &lt;span class="fit_grey"&gt;Yacht{yachtID=3, name='Maria', type='żaglówka', length=40.0, crewNumber=8, enginePower=500.0, sailsNumber=3}&lt;/span&gt;&lt;/td&gt;
		&lt;td&gt; &lt;span class="fit_grey"&gt;Client 3 phone changed&lt;/span&gt;&lt;/td&gt;
	&lt;/tr&gt;
&lt;/table&gt;
</content>
    <relativePageName>modifyYacht</relativePageName>
  </result>
  <executionLog>
    <testSystem>fit:fit.FitServer</testSystem>
    <command>java -cp C:\Users\dell\Downloads\IOproj-master\TestsLibrary_FitNesse\fitnesse-standalone.jar;C:\Users\dell\Downloads\IOproj-master\TestsLibrary_FitNesse\build\classes fit.FitServer dell-Komputer 51127 3863</command>
    <exitCode>3</exitCode>
    <stdOut></stdOut>
    <stdErr></stdErr>
  </executionLog>
  <finalCounts>
    <right>0</right>
    <wrong>1</wrong>
    <ignores>0</ignores>
    <exceptions>0</exceptions>
  </finalCounts>
  <totalRunTimeInMillis>886</totalRunTimeInMillis>
</testResults>

