<?xml version="1.0"?>
<testResults>
  <FitNesseVersion>v20190508</FitNesseVersion>
  <rootPath>FrontPage.Library.addYacht</rootPath>
  <result>
    <counts>
      <right>6</right>
      <wrong>0</wrong>
      <ignores>0</ignores>
      <exceptions>1</exceptions>
    </counts>
    <date>2019-06-12T21:08:05+02:00</date>
    <runTimeInMillis>69</runTimeInMillis>
    <content>&lt;div class="collapsible closed"&gt;&lt;ul&gt;&lt;li&gt;&lt;a href='#' class='expandall'&gt;Expand&lt;/a&gt;&lt;/li&gt;&lt;li&gt;&lt;a href='#' class='collapseall'&gt;Collapse&lt;/a&gt;&lt;/li&gt;&lt;/ul&gt;
	&lt;p class="title"&gt;Included page: &lt;a href="FrontPage.Library.SetUp"&gt;.FrontPage.Library.SetUp&lt;/a&gt; &lt;a href="FrontPage.Library.SetUp?edit&amp;amp;redirectToReferer=true&amp;amp;redirectAction=" class="edit"&gt;(edit)&lt;/a&gt;&lt;/p&gt;
	&lt;div&gt;&lt;table&gt;
	&lt;tr&gt;
		&lt;td&gt;tests_fitnesse_fixture.SetUp&lt;/td&gt;
	&lt;/tr&gt;
&lt;/table&gt;
&lt;/div&gt;
&lt;/div&gt;
&lt;br/&gt;&lt;table&gt;
	&lt;tr&gt;
		&lt;td colspan="5"&gt;tests_fitnesse_fixture.Test_addYacht&lt;/td&gt;
	&lt;/tr&gt;
	&lt;tr&gt;
		&lt;td&gt;number&lt;/td&gt;
		&lt;td&gt;datainyachts&lt;/td&gt;
		&lt;td&gt;addYacht_?&lt;/td&gt;
		&lt;td&gt;data&lt;/td&gt;
		&lt;td&gt;result&lt;/td&gt;
	&lt;/tr&gt;
	&lt;tr&gt;
		&lt;td&gt;0&lt;/td&gt;
		&lt;td&gt;1,1, Demon, boat, 20,4,200,1&lt;/td&gt;
		&lt;td class="pass"&gt;true&lt;/td&gt;
		&lt;td&gt; &lt;span class="fit_grey"&gt;Yacht{yachtID=1, name='Demon', type='boat', length=20.0, crewNumber=4, enginePower=200.0, sailsNumber=1}&lt;/span&gt;&lt;/td&gt;
		&lt;td&gt; &lt;span class="fit_grey"&gt;Yacht{yachtID=1, name='Demon', type='boat', length=20.0, crewNumber=4, enginePower=200.0, sailsNumber=1}&lt;/span&gt;&lt;/td&gt;
	&lt;/tr&gt;
	&lt;tr&gt;
		&lt;td&gt;1&lt;/td&gt;
		&lt;td&gt;1,2, Ptak, rower wodny,3,4,0,2&lt;/td&gt;
		&lt;td class="pass"&gt;true&lt;/td&gt;
		&lt;td&gt; &lt;span class="fit_grey"&gt;Yacht{yachtID=2, name='Ptak', type='rower wodny', length=3.0, crewNumber=4, enginePower=0.0, sailsNumber=2}&lt;/span&gt;&lt;/td&gt;
		&lt;td&gt; &lt;span class="fit_grey"&gt;Yacht{yachtID=2, name='Ptak', type='rower wodny', length=3.0, crewNumber=4, enginePower=0.0, sailsNumber=2}&lt;/span&gt;&lt;/td&gt;
	&lt;/tr&gt;
	&lt;tr&gt;
		&lt;td&gt;1&lt;/td&gt;
		&lt;td&gt;1,2, Ptak, rower wodny,3,4,0,2&lt;/td&gt;
		&lt;td class="pass"&gt;false&lt;/td&gt;
		&lt;td&gt; &lt;span class="fit_grey"&gt;Yacht{yachtID=2, name='Ptak', type='rower wodny', length=3.0, crewNumber=4, enginePower=0.0, sailsNumber=2}&lt;/span&gt;&lt;/td&gt;
		&lt;td&gt; &lt;span class="fit_grey"&gt;null&lt;/span&gt;&lt;/td&gt;
	&lt;/tr&gt;
	&lt;tr&gt;
		&lt;td&gt;2&lt;/td&gt;
		&lt;td&gt;1,3, Maria, żaglówka,40,8, 500,3&lt;/td&gt;
		&lt;td class="pass"&gt;true&lt;/td&gt;
		&lt;td&gt; &lt;span class="fit_grey"&gt;Yacht{yachtID=3, name='Maria', type='żaglówka', length=40.0, crewNumber=8, enginePower=500.0, sailsNumber=3}&lt;/span&gt;&lt;/td&gt;
		&lt;td&gt; &lt;span class="fit_grey"&gt;Yacht{yachtID=3, name='Maria', type='żaglówka', length=40.0, crewNumber=8, enginePower=500.0, sailsNumber=3}&lt;/span&gt;&lt;/td&gt;
	&lt;/tr&gt;
	&lt;tr&gt;
		&lt;td&gt;3&lt;/td&gt;
		&lt;td&gt;1,4, Butterfly, boat,10,5,100,4&lt;/td&gt;
		&lt;td class="pass"&gt;true&lt;/td&gt;
		&lt;td&gt; &lt;span class="fit_grey"&gt;Yacht{yachtID=4, name='Butterfly', type='boat', length=10.0, crewNumber=5, enginePower=100.0, sailsNumber=4}&lt;/span&gt;&lt;/td&gt;
		&lt;td&gt; &lt;span class="fit_grey"&gt;Yacht{yachtID=4, name='Butterfly', type='boat', length=10.0, crewNumber=5, enginePower=100.0, sailsNumber=4}&lt;/span&gt;&lt;/td&gt;
	&lt;/tr&gt;
	&lt;tr&gt;
		&lt;td&gt;4&lt;/td&gt;
		&lt;td&gt;1,5, Okoń, canoe,3,2,0,5&lt;/td&gt;
		&lt;td class="pass"&gt;true&lt;/td&gt;
		&lt;td&gt; &lt;span class="fit_grey"&gt;Yacht{yachtID=5, name='Okoń', type='canoe', length=3.0, crewNumber=2, enginePower=0.0, sailsNumber=5}&lt;/span&gt;&lt;/td&gt;
		&lt;td&gt; &lt;span class="fit_grey"&gt;Yacht{yachtID=5, name='Okoń', type='canoe', length=3.0, crewNumber=2, enginePower=0.0, sailsNumber=5}&lt;/span&gt;&lt;/td&gt;
	&lt;/tr&gt;
	&lt;tr&gt;
		&lt;td&gt;5&lt;/td&gt;
		&lt;td&gt;2,6, Kryzys, kajak,1,1,0,6&lt;/td&gt;
		&lt;td class="error"&gt;true&lt;hr&gt;&lt;pre&gt;&lt;div class="fit_stacktrace"&gt;java.util.IllegalFormatCodePointException: Code point = 0x0
	at factoryAndFacade.Factory.createYacht(Factory.java:69)
	at factoryAndFacade.Facade.addYacht(Facade.java:140)
	at tests_fitnesse_fixture.Test_addYacht.addYacht_(Test_addYacht.java:20)
	at sun.reflect.NativeMethodAccessorImpl.invoke0(Native Method)
	at sun.reflect.NativeMethodAccessorImpl.invoke(Unknown Source)
	at sun.reflect.DelegatingMethodAccessorImpl.invoke(Unknown Source)
	at java.lang.reflect.Method.invoke(Unknown Source)
	at fit.TypeAdapter.invoke(TypeAdapter.java:108)
	at fit.TypeAdapter.get(TypeAdapter.java:97)
	at fit.Fixture$CellComparator.compareCellToResult(Fixture.java:374)
	at fit.Fixture$CellComparator.access$100(Fixture.java:360)
	at fit.Fixture.compareCellToResult(Fixture.java:302)
	at fit.Fixture.check(Fixture.java:298)
	at fit.ColumnFixture.check(ColumnFixture.java:45)
	at fit.Binding$QueryBinding.doCell(Binding.java:224)
	at fit.ColumnFixture.doCell(ColumnFixture.java:32)
	at fit.Fixture.doCells(Fixture.java:174)
	at fit.Fixture.doRow(Fixture.java:168)
	at fit.ColumnFixture.doRow(ColumnFixture.java:21)
	at fit.Fixture.doRows(Fixture.java:162)
	at fit.ColumnFixture.doRows(ColumnFixture.java:13)
	at fit.Fixture.doTable(Fixture.java:156)
	at fit.Fixture.interpretFollowingTables(Fixture.java:121)
	at fit.Fixture.interpretTables(Fixture.java:107)
	at fit.Fixture.doTables(Fixture.java:81)
	at fit.FitServer.process(FitServer.java:81)
	at fit.FitServer.run(FitServer.java:56)
	at fit.FitServer.main(FitServer.java:41)
&lt;/div&gt;&lt;/pre&gt;&lt;/td&gt;
		&lt;td&gt; &lt;span class="fit_grey"&gt;Yacht{yachtID=5, name='Okoń', type='canoe', length=3.0, crewNumber=2, enginePower=0.0, sailsNumber=5}&lt;/span&gt;&lt;/td&gt;
		&lt;td&gt; &lt;span class="fit_grey"&gt;null&lt;/span&gt;&lt;/td&gt;
	&lt;/tr&gt;
&lt;/table&gt;
</content>
    <relativePageName>addYacht</relativePageName>
  </result>
  <executionLog>
    <testSystem>fit:fit.FitServer</testSystem>
    <command>java -cp C:\Users\dell\Downloads\IOproj-master\TestsLibrary_FitNesse\fitnesse-standalone.jar;C:\Users\dell\Downloads\IOproj-master\TestsLibrary_FitNesse\build\classes fit.FitServer dell-Komputer 52218 3863</command>
    <exitCode>1</exitCode>
    <stdOut></stdOut>
    <stdErr></stdErr>
  </executionLog>
  <finalCounts>
    <right>0</right>
    <wrong>0</wrong>
    <ignores>0</ignores>
    <exceptions>1</exceptions>
  </finalCounts>
  <totalRunTimeInMillis>917</totalRunTimeInMillis>
</testResults>

